name,available_hours,classes_per_day
Lect1,6,0
Lect2,6,0
Lect3,6,0
Lect4,6,0
Lect5,6,0
Lect6,6,0
Lect7,6,0
Lect8,6,0
Lect9,6,0
Lect10,6,0
Lect11,6,0
Lect12,6,0
Lect13,6,0
Lect14,6,0
Lect15,6,0
Lect16,6,0
Lect17,6,0
Lect18,6,0
Lect19,6,0
Lect20,6,0
Lect21,6,0
Lect22,6,0
Lect23,6,0
Lect24,6,0
Lect25,6,0
Lect26,6,0
Lect27,6,0
Lect28,6,0
Lect29,6,0
Lect30,6,0
Lect31,6,0
Lect32,6,0
Lect33,6,0
Lect34,6,0
Lect35,6,0
Lect36,6,0
Lect37,6,0
Lect38,6,0
Lect39,6,0
Lect40,6,0
Lect41,6,0
Lect42,6,0
Lect43,6,0
Lect44,6,0
Lect45,6,0
Lect46,6,0
Lect47,6,0
Lect48,6,0
Lect49,6,0
Lect50,6,0
Lect51,6,0
Lect52,6,0
Lect53,6,0
Lect54,6,0
Lect55,6,0
Lect56,6,0
Lect57,6,0
Lect58,6,0
Lect59,6,0
Lect60,6,0
Lect61,6,0
Lect62,6,0
Lect63,6,0
Lect64,6,0
Lect65,6,0
Lect66,6,0
Lect67,6,0
Lect68,6,0
Lect69,6,0
Lect70,6,0
Lect71,6,0
Lect72,6,0
Lect73,6,0
Lect74,6,0
Lect75,6,0
Lect76,6,0
Lect77,6,0
Lect78,6,0
Lect79,6,0
Lect80,6,0
