name,lecturers
sub1,Lect1,Lect2,Lect3,Lect4,Lect5,Lect6
sub2,Lect7,Lect8,Lect9,Lect10,Lect11,Lect12
sub3,Lect13,Lect14,Lect15,Lect16,Lect17,Lect18
sub4,Lect19,Lect20,Lect21,Lect22,Lect23,Lect24
sub5,Lect25,Lect26,Lect27,Lect28,Lect29,Lect30
sub6,Lect31,Lect32,Lect33,Lect34,Lect35,Lect36
sub7,Lect37,Lect38,Lect39,Lect40,Lect41,Lect42
sub8,Lect43,Lect44,Lect45,Lect46,Lect47,Lect48
sub9,Lect49,Lect50,Lect51,Lect52,Lect53,Lect54
sub10,Lect55,Lect56,Lect57,Lect58,Lect59,Lect60
sub11,Lect61,Lect62,Lect63,Lect64,Lect65,Lect66
sub12,Lect67,Lect68,Lect69,Lect70,Lect71,Lect72
sub13,Lect73,Lect74,Lect75,Lect76,Lect77,Lect78
sub14,Lect79,Lect80
