name,available_hours,classes_per_day,subjects
Lect1,6,0,"sub1, sub2, sub3, sub4, sub5, sub6"
Lect2,6,0,"sub1, sub2, sub3, sub4, sub5, sub6"
Lect3,6,0,"sub1, sub2, sub3, sub4, sub5, sub6"
Lect4,6,0,"sub1, sub2, sub3, sub4, sub5, sub6"
Lect5,6,0,"sub1, sub2, sub3, sub4, sub5, sub6"
Lect6,6,0,"sub1, sub2, sub3, sub4, sub5, sub6"
Lect7,6,0,"sub1, sub2, sub3, sub4, sub5, sub6"
Lect8,6,0,"sub1, sub2, sub3, sub4, sub5, sub6"
Lect9,6,0,"sub1, sub2, sub3, sub4, sub5, sub6"
Lect10,6,0,"sub1, sub2, sub3, sub4, sub5, sub6"
Lect11,6,0,"sub1, sub2, sub3, sub4, sub5, sub6"
Lect12,6,0,"sub1, sub2, sub3, sub4, sub5, sub6"
Lect13,6,0,"sub1, sub2, sub3, sub4, sub5, sub6"
Lect14,6,0,"sub1, sub2, sub3, sub4, sub5, sub6"
Lect15,6,0,"sub1, sub2, sub3, sub4, sub5, sub6"
Lect16,6,0,"sub1, sub2, sub3, sub4, sub5, sub6"
Lect17,6,0,"sub1, sub2, sub3, sub4, sub5, sub6"
Lect18,6,0,"sub1, sub2, sub3, sub4, sub5, sub6"
Lect19,6,0,"sub1, sub2, sub3, sub4, sub5, sub6"
Lect20,6,0,"sub1, sub2, sub3, sub4, sub5, sub6"
Lect21,6,0,"sub1, sub2, sub3, sub4, sub5, sub6"
Lect22,6,0,"sub1, sub2, sub3, sub4, sub5, sub6"
Lect23,6,0,"sub1, sub2, sub3, sub4, sub5, sub6"
Lect24,6,0,"sub1, sub2, sub3, sub4, sub5, sub6"
Lect25,6,0,"sub1, sub2, sub3, sub4, sub5, sub6"
Lect26,6,0,"sub1, sub2, sub3, sub4, sub5, sub6"
Lect27,6,0,"sub1, sub2, sub3, sub4, sub5, sub6"
Lect28,6,0,"sub1, sub2, sub3, sub4, sub5, sub6"
Lect29,6,0,"sub1, sub2, sub3, sub4, sub5, sub6"
Lect30,6,0,"sub1, sub2, sub3, sub4, sub5, sub6"
Lect31,6,0,"sub1, sub2, sub3, sub4, sub5, sub6"
Lect32,6,0,"sub1, sub2, sub3, sub4, sub5, sub6"
Lect33,6,0,"sub1, sub2, sub3, sub4, sub5, sub6"
Lect34,6,0,"sub1, sub2, sub3, sub4, sub5, sub6"
Lect35,6,0,"sub1, sub2, sub3, sub4, sub5, sub6"
Lect36,6,0,"sub1, sub2, sub3, sub4, sub5, sub6"
Lect37,6,0,"sub1, sub2, sub3, sub4, sub5, sub6"
Lect38,6,0,"sub1, sub2, sub3, sub4, sub5, sub6"
Lect39,6,0,"sub1, sub2, sub3, sub4, sub5, sub6"
Lect40,6,0,"sub1, sub2, sub3, sub4, sub5, sub6"
Lect41,6,0,"sub1, sub2, sub3, sub4, sub5, sub6"
Lect42,6,0,"sub1, sub2, sub3, sub4, sub5, sub6"
Lect43,6,0,"sub1, sub2, sub3, sub4, sub5, sub6"
Lect44,6,0,"sub1, sub2, sub3, sub4, sub5, sub6"
Lect45,6,0,"sub1, sub2, sub3, sub4, sub5, sub6"
Lect46,6,0,"sub1, sub2, sub3, sub4, sub5, sub6"
Lect47,6,0,"sub1, sub2, sub3, sub4, sub5, sub6"
Lect48,6,0,"sub1, sub2, sub3, sub4, sub5, sub6"
Lect49,6,0,"sub1, sub2, sub3, sub4, sub5, sub6"
Lect50,6,0,"sub1, sub2, sub3, sub4, sub5, sub6"
Lect51,6,0,"sub1, sub2, sub3, sub4, sub5, sub6"
Lect52,6,0,"sub1, sub2, sub3, sub4, sub5, sub6"
Lect53,6,0,"sub1, sub2, sub3, sub4, sub5, sub6"
Lect54,6,0,"sub1, sub2, sub3, sub4, sub5, sub6"
Lect55,6,0,"sub1, sub2, sub3, sub4, sub5, sub6"
Lect56,6,0,"sub1, sub2, sub3, sub4, sub5, sub6"
Lect57,6,0,"sub1, sub2, sub3, sub4, sub5, sub6"
Lect58,6,0,"sub1, sub2, sub3, sub4, sub5, sub6"
Lect59,6,0,"sub1, sub2, sub3, sub4, sub5, sub6"
Lect60,6,0,"sub1, sub2, sub3, sub4, sub5, sub6"
Lect61,6,0,"sub1, sub2, sub3, sub4, sub5, sub6"
Lect62,6,0,"sub1, sub2, sub3, sub4, sub5, sub6"
Lect63,6,0,"sub1, sub2, sub3, sub4, sub5, sub6"
Lect64,6,0,"sub1, sub2, sub3, sub4, sub5, sub6"
Lect65,6,0,"sub1, sub2, sub3, sub4, sub5, sub6"
Lect66,6,0,"sub1, sub2, sub3, sub4, sub5, sub6"
Lect67,6,0,"sub1, sub2, sub3, sub4, sub5, sub6"
Lect68,6,0,"sub1, sub2, sub3, sub4, sub5, sub6"
Lect69,6,0,"sub1, sub2, sub3, sub4, sub5, sub6"
Lect70,6,0,"sub1, sub2, sub3, sub4, sub5, sub6"
Lect71,6,0,"sub1, sub2, sub3, sub4, sub5, sub6"
Lect72,6,0,"sub1, sub2, sub3, sub4, sub5, sub6"
Lect73,6,0,"sub1, sub2, sub3, sub4, sub5, sub6"
Lect74,6,0,"sub1, sub2, sub3, sub4, sub5, sub6"
Lect75,6,0,"sub1, sub2, sub3, sub4, sub5, sub6"
Lect76,6,0,"sub1, sub2, sub3, sub4, sub5, sub6"
Lect77,6,0,"sub1, sub2, sub3, sub4, sub5, sub6"
Lect78,6,0,"sub1, sub2, sub3, sub4, sub5, sub6"
Lect79,6,0,"sub1, sub2, sub3, sub4, sub5, sub6"
Lect80,6,0,"sub1, sub2, sub3, sub4, sub5, sub6"
